No;"PRODUCT NAME ""EN""";"PRODUCT NAME ""RU""";CAT No.
1; POP-4 Polymer for 3500 analyzer;Полимер POP-4 для анализатора 3500;GREENMED0114DM7543
2;Anode Buffer Container for 3500 analyzer;Контейнер с анодным буфером для анализатора 3500;GREENMED6816PJ7220
3;Cathode Buffer Container for 3500 analyzer;Контейнер с катодным буфером для анализатора 3500;GREENMED1530EA3779
4;Hi-Di™ Formamide reagent, 5 ml;Реагент Формамид Hi-Di™ , 5 мл;GREENMED8098EY2053
5; Conditioning Reagent for 3500 Genetic Analyzer;Кондиционирующий реагент для генетического анализатора 3500;GREENMED7901JB2961
6; GeneScan - 600 LIZ laboratory reagent for 3500 analyzer;Лабораторный реагент GeneScan - 600 LIZ для анализатора 3500;GREENMED0979DY1015
7;Quantifiler™ Trio DNA Quantification Kit;Набор для количественного определения ДНК Quantifiler™ Trio;GREENMED9376EA8085
8;GlobalFiler™ Express PCR Amplification Kit;Набор для ПЦР-амплификации GlobalFiler™ Express;GREENMED0092SX4626
9;GlobalFiler™ PCR Amplification Kit;Набор для ПЦР-амплификации GlobalFiler™;GREENMED9581HQ0911
10;Prep-n-Go™ Buffer (for buccal swabs);Буфер Prep-n-Go™ (для буккальных мазков);GREENMED0055BQ4811
11;Forensic DNA Extraction Kit, PrepFiler Express™;Набор для судебной экстракции ДНК PrepFiler Express™;GREENMED7487EF8196
12;Forensic DNA Extraction Kit, PrepFiler Express BTA™;Набор для судебной экстракции ДНК PrepFiler Express BTA™;GREENMED5635XI7506
13;PMB test for blood stain identification;"Тест ""PMB"" для идентификации пятен крови";GREENMED6609XL5348
14;Antiserum against human serum proteins;Антисыворотка против белков сыворотки крови человека;GREENMED9497PQ1869
15;Antiserum against porcine serum proteins;Антисыворотка против белков сыворотки крови свиньи;GREENMED1005EI8662
16;Antiserum against cattle serum proteins;Антисыворотка против белков сыворотки крови КРС;GREENMED8265FX3816
17;Antiserum against equine serum proteins;Антисыворотка против белков сыворотки крови лошади;GREENMED2293VJ3765
18;Antiserum against avian serum proteins;Антисыворотка против белков сыворотки крови птицы;GREENMED9585PF1518
19;Antiserum against dog serum proteins;Антисыворотка против белков сыворотки крови собаки;GREENMED0077RI4432
20;Antiserum against cat serum proteins;Антисыворотка против белков сыворотки крови кошки;GREENMED9017HJ3320
21;Antiserum against rabbit serum proteins;Антисыворотка к белкам сыворотки кролика;GREENMED2515ZA5405
22;Anti-M hemagglutinating serum;Гемагглютинирующая сыворотка Анти-М;GREENMED6779WC5851
23;Anti-N hemagglutinating serum;Гемагглютинирующая сыворотка Анти-N;GREENMED3387SO2129
24;Anti-P hemagglutinating serum;Гемагглютинирующая сыворотка Анти-Р;GREENMED6502LF9029
25;Kell hemagglutinating serum;Гемагглютинирующая сыворотка Келла;GREENMED3971YT0945
26;Anti-A Monoclonal Antibodies for Blood Typing;Мон. антитела Анти-А (группа крови);GREENMED3779ZP3991
27;Anti-B Monoclonal Antibodies for Blood Typing;Мон. антитела Анти-В (группа крови);GREENMED8328XP6195
28;Anti-H Monoclonal Antibodies for Blood Typing;Мон. антитела Анти-Н (группа крови);GREENMED1478MK1618
29; Anti-D monoclonal blood grouping reagent;Мон. реагент Анти-D (группа крови);GREENMED3243TI9650
30;Microtome blades (50pcs/pack);Лезвия для микротома (50 шт./уп.);GREENMED5362YN0742
31; Mayer's Hematoxylin 1 L.;Гематоксилин Майера, 1 л.;GREENMED5783NG5554
32;Eosin water-alcoholic concentrated;Эозин водно-спиртовой конц.;GREENMED3001ZW2417
33;Reverse Osmosis cartridge for PURELAB Option-R 7/15;Картридж обратного осмоса для PURELAB Option-R 7/15;GREENMED9005YT1267
34;UV Lamp for PURELAB Option-R;УФ-лампа для PURELAB Option-R;GREENMED4100OB6296
35;Purification Pack for PURELAB Option-R;Пакет очистки для PURELAB Option-R;GREENMED1698SO4565
36;UV Lamp, 185/254 nm;УФ-лампа, 185/254 нм;GREENMED2635IE4827
37;Glycerin;Глицерин;GREENMED0327MI0931
38;Ethyl Alcohol Reagent;Реагент Этиловый спирт;GREENMED4590QM2614
39;Alcohol High Control;Высокий контрольный раствор спирта;GREENMED2247DS8005
40;Ethyl Alcohol Low Control;Низкий контрольный раствор этилового спирта;GREENMED6216LI6871
41;Alcohol Negative Calibrator;Отрицательный калибратор спирта;GREENMED7589YE6534
42;Alcohol Calibrator;Калибратор спирта;GREENMED9206EM0803
43;Ribbon Cartridge (for EPSON ERC-09);Картридж с лентой (для EPSON ERC-09);GREENMED8579JU6299
44;Pipette Tips, Filtered, 1000 µL;Наконечники для пипеток, с фильтром, 1000 мкл;GREENMED4216UK5083
45;Pipette Tips, Non-Filtered, 1000 µL;Наконечники для пипеток, без фильтра, 1000 мкл;GREENMED8533MJ9061
46;Helium Gas, 50 L  (for Gas Chromatography) ;Газ Гелий, 50 л  (для газовой хроматографии) ;GREENMED1917DR7138
47;Argon Gas, 50 L  (for Gas Chromatography) ;Газ Аргон, 50 л  (для газовой хроматографии) ;GREENMED1566MX0721
48;Sodium Chloride, ≥99.5%, 1 kg;Хлорид натрия, ≥99,5%, 1 кг;GREENMED0198IU2233
49;Ammonium Formate, 100g;Формиат аммония, 100 г;GREENMED4452XW5786
50;Formic acid, 99%, 50 ml;Муравьиная кислота, 99%, 50 мл;GREENMED7687ZC4320
51;Buffer Solution, pH 4, 500 mL;Буферный раствор, pH 4, 500 мл;GREENMED4073EA9187
52;Buffer solution, pH 10, 500 ml;Буферный раствор, pH 10, 500 мл;GREENMED6005FY1271
53;Electrolytic Cell Block (for Hydrogen Trace Generator);Блок электролитической ячейки (для генератора Hydrogen Trace);GREENMED0786YC2354
54;Electrolytic Cell Block (for Precision Hydrogen Trace Generator);Блок электролитической ячейки (для генератора Precision Hydrogen Trace);GREENMED8339WW2295
55;Service Kit (for Precision Hydrogen Trace);Сервисный комплект (для Precision Hydrogen Trace);GREENMED8499BK6993
56;Service Kit II (for Precision Hydrogen Trace);Сервисный комплект II (для Precision Hydrogen Trace);GREENMED7956KI7363
57;Blood Alcohol Standard sample, 10 ml;Стандартный образец для алкоголя в крови, 10 мл;GREENMED5188VX2610
58;Ethanol calibration Solution, 10 x 1.2 mL;Калибровочный раствор этанола, 10 х 1,2 мл;GREENMED6025PE9422
59;Ethanol calibration Solution;Калибровочный раствор этанола;GREENMED3490GB0859
60;Urine Containers, 100 mL, 500 pcs/pack;Контейнеры для сбора мочи, 100 мл, 500 шт./уп.;GREENMED5017ST4367
61; Vacuum tubes, 4 ml, 1200 pcs;Вакуумные пробирки 4 мл, 1200 шт./уп.;GREENMED6782QO2796
62;Service Kit for LC System;Сервисный комплектдля LC-системы;GREENMED8638RK6356
63;Service kit (including Jet Clean);Сервисный комплект (включая Jet Clean);GREENMED0539CA0367
64;Service Kit (for Agilent GC);Сервисный комплект (для ГХ Agilent);GREENMED4432UC5683
65;Filament Assembly (for GC/MS 7890);Узел нити накала (для ГХ 7890);GREENMED4243JP9104
66;Vial Inserts with Polymer Feet, 100 pcs;Вставки в виалы с полимерными ножками, 100 шт;GREENMED5330BB8195
67;AP Board (for Agilent GC 7890 );Плата AP (для Agilent 7890);GREENMED4051EV9662
68;Mainboard (for Agilent GC 7890);Материнская плата (для ГХ Agilent 7890);GREENMED4211CC2267
69;Service Kit (for 1290 Infinity II autosampler);Сервисный комплект (для автосамплера 1290 Infinity II);GREENMED8974SB6863
70;Service Kit (for 1260 Infinity II autosampler);Сервисный комплект (для автосамплера 1260 Infinity II);GREENMED4677OJ8854
71;Service Kit (for Agilent 1290 Infinity II Pump);Сервисный комплект (для насоса 1290 Infinity II);GREENMED5738KA9956
72;PM Kit (for 1290 Infinity II Autosampler);Комплект для профилактического обслуживания (для автосамплера 1290 Infinity II);GREENMED9179EQ6904
73;Neutral Density Glass Filter Set (for Cary 60);Нейтральные стеклянные светофильтры (для Cary 60);GREENMED0028QG9624
74;Deactivated FS column, 0.53mm (for GC Headspace);Деактивированная колонка из плавленого кварца, 0.53 мм (для ГХ-Headspace);GREENMED7421RH0877
75;Ferrules, 0.53mm (for Agilent Headspace Sampler);Ферулы, 0.53 мм (для Agilent Headspace);GREENMED8110JL2509
76;Ferrules, 0.53 mm (for Headspace);Ферулы, 0.53 мм (для Headspace);GREENMED8298VP6119
77;Cartridge LC-140 (for Elga Deionizer);Картридж LC-140 (для деионизатора Elga) ;GREENMED1809VM9632
78;Cartridge LC-214 (for Purelab Deionizer);Картридж LC-214 (для деионизатора Purelab);GREENMED7917WF8228
79;UV Lamp, 185/254nm LC-210-02 (for Purelab);УФ-лампа, 185/254 нм LC-210-02 (для Purelab)  ;GREENMED1670AU2195
80;Composite Air Filter LC 136 M2 (for Purelab);Композитный воздушный фильтр LC 136 M2 (для Purelab) ;GREENMED4143KQ0977
81;DI Cartridge Pack LC-141 (for Purelab);Набор картриджей DI LC-141 (для Purelab);GREENMED3474WI0989
82;Centrifuge tubes, 15 ml, 500 pcs;Центрифужные пробирки, 15 мл, 500 шт.;GREENMED5296SJ8437
83;Immunochromatographic Test Strips (COC, mAMP, BZO);Тест-полоски (COC, mAMP, BZO);GREENMED4646WI5301
84;Immunochromatographic Test Strips  (BAR, MDMA, MTD);Тест-полоски (BAR, MDMA, MTD);GREENMED3073FA9829
85;Immunochromatographic Test Strips (Synthetic cannabinoids);Тест-полоски (синтет. каннабиноиды);GREENMED0545RR4060
86; Immunochromatographic Test Strips (Ethanol / ETG);Тест-полоски (этанол / ETG);GREENMED1264XJ0052
87;Roll thermal paper;Рулон термобумаги;GREENMED3094LC0264
88;Immunochromatographic Test Strips (COC, mAMP, BZO);Тест-полоски (COC, mAMP, BZO);GREENMED5034KQ3062
89;Immunochromatographic Test Strips (BAR, MDMA, MTD);Тест-полоски (BAR, MDMA, MTD);GREENMED5737JZ0396
90;Optical Filter D-K-18752-01-00;Оптический фильтр D-K-18752-01-00;GREENMED2654WG0836
91;Paraffin (for histology);Парафин (для гистологии);GREENMED5938TU9564
92;Formalin ≥37% (non-acidic, for histology);Формалин ≥37% (некислый, для гистологии);GREENMED5502HE7035
93;Analyzer ABBOTT IMMTOX 270  (with kits);Анализатор ABBOTT IMMTOX 270 (с наборам) ;GREENMED7832GD1922
94;ABBOTT SOTOXA System (with kits);СИСТЕМА ABBOTT SOTOXA (с наборам) ;GREENMED6526TV4885
95;Analyzer BIOSENS 900;Анализатор BIOSENS 900;GREENMED3324VW8253
