;;;;;;;;;;;;;;;
LABORATUVAR SARF MALZEMELERİ — ÜRÜN GİRİŞ ŞABLONU;;;;;;;;;;;;;;;
;;;;;;;;;;;;;;;
NO;ÜRÜN KİMLİĞİ;;;;TEKNİK ÖZELLİKLER;;;;;PAKETLEME;;TEDARİKÇİ;WEB / NOTLAR;;
No;Ürün Adı (TR);Ürün Adı (EN);Katalog No;Marka / Üretici;Kategori;Alt Kategori;Birim / Miktar;Teknik Notlar;;Ambalaj Birimi;Adet / Paket;Tedarikçi;Ürün URL;Ek Notlar;Note
Oto;Türkçe tam adı girin;İngilizce / orijinal ad;Ör: 4393927;Ör: Thermo Fisher;↓ seçin;Ör: Steril filtreli uç;Ör: 10 μL / 96 adet;Spesifikasyon, saflık, sıcaklık vb.;;Ör: Kutu / Kit / Şişe;Ör: 96 / 1000;Yerel / global tedarikçi;Üretici katalog linki;Depolama koşulu, özel not vb.;
1;3500 analizörü için POP-4 polimer, 384 test;POP-4 Polymer for 3500 analyzer, 384 tests;4393715;Thermo Fisher Scientific, USA;Genomik & Sekanslama;Capillary electrophoresis polymer;24 упак/ pack;POP-4, POP-6, and POP-7 are conveniently offered in easy to use pouch packages. The POP-4 separation matrix is optimized for HID/forensic applications.;"POP-4, POP-6, and POP-7 are conveniently offered in easy to use pouch packages, POP-4 separation matrix is optimized for HID/forensic applications. POP polymers dynamically coat the capillary wall to control electro-osmotic flow. Their definite quality and uniform consistency eliminate guesswork and help to ensure reproducibility. POP Polymers are specifically formulated to separate DNA fragments of a known size range at a desired resolution and run time.
POP-4, POP-6, and POP-7 are conveniently offered in easy to use pouch packages with multiple sample size formats. The POP-4 separation matrix is optimized for HID/forensic applications. 

• Easy to use: Pre-formulated and in a single use pouch, which not only saves time but also ensures reliability and consistency
• Include radio frequency identification (RFID) label: easy to track important information such as part/lot number, samples remaining, and expiry dates (displayed on software dashboard)
• Robust formulation: formulated for sequencing and fragment analysis applications
• Replenishable: alow capillaries to be used multiple times

Reproducible Results
POP polymers dynamically coat the capillary wall to control electro-osmotic flow. Their definite quality and uniform consistency eliminate guesswork and help to ensure reproducibility. POP Polymers are specifically formulated to separate DNA fragments of a known size range at a desired resolution and run time.

Many Choices
POP-7 polymers are very versatile and designed for a wide range of short read to long read sequencing applications as well as fragment analysis. POP-4 polymers are designed specifically for HID/Forensic applications, while POP-6 polymers are the choice for certain sequencing applications (and fragment analysis).

For partially used pouches that need to be stored, a cap (4412619) that plugs into the pouch fitment opening is recommended.

For Research Use Only. Not for use in diagnostic procedures.";Pouch;384 samples;Thermo Fisher Scientific;https://www.thermofisher.com/order/catalog/product/4393715;"Store at 2–8°C; on-instrument limit 14 days at ≤25°C";
2;3500 analizörü için anot tampon kabı, 4 adet/paket;Anode Buffer Container for 3500 analyzer, 4 pcs/pack;4393927;Life Technologies Corporation;Genomik & Sekanslama;Capillary electrophoresis buffer;6 упак/ pack;The Anode Buffer Container (ABC) contains 1X running buffer to support all electrophoresis applications on the Applied Biosystems 3500 and SeqStudio Flex series genetic analyzers.;"The Anode Buffer Container (ABC) contains 1X running buffer to support all electrophoresis applications on the Applied Biosystems 3500 and SeqStudio Flex series genetic analyzers. It is made in a ready-to-use, disposable container with a radio frequency identification (RFID) tag incorporated into the label. The top of the ABC is heat sealed with a plastic film, which should be removed prior to direct installation on the instrument. Each package includes four individual containers.
For Research Use Only. Not for use in diagnostic procedures.";Pack;4;Thermo Fisher Scientific;https://www.thermofisher.com/order/catalog/product/4393927;"Replace every 14 days or before each run; store at 2–8°C";
3;3500 analizörü için katot tampon kabı, 4 adet/paket;Cathode Buffer Container for 3500 analyzer, 4 pcs/pack;4408256;Life Technologies Corporation;Genomik & Sekanslama;Capillary electrophoresis buffer;6 упак/ pack;The cathode buffer container (CBC) contains 1X running buffer to support all electrophoresis applications on Applied Biosystems 3500 and SeqStudio Flex series genetic analyzers.;"The cathode buffer container (CBC) contains 1X running buffer to support all electrophoresis applications on Applied Biosystems 3500 and SeqStudio Flex series genetic analyzers. The container has two separate compartments, the left side provides the cathode buffer for electrophoresis and the right side provides for a capillary wash and spent polymer waste ejection functionality between injections.

The CBC is made in a ready-to-use, disposable container with a radio frequency identification (RFID) tag incorporated into the label. The top of the CBC is heat sealed with a plastic film, which should be removed prior to direct installation on to the instrument. Each package includes four individual containers.

For Research Use Only. Not for use in diagnostic procedures.";Pack;4;Thermo Fisher Scientific;https://www.thermofisher.com/order/catalog/product/4408256;"Replace every 14 days or before each run; store at 2–8°C";
4;Hi-Di™ Formamid reaktifi, 5 ml;Hi-Di™ Formamide reagent, 5 ml;4401457;Life Technologies Corporation;Genomik & Sekanslama;Formamide denaturation reagent;5 упак/ pack;"Hi-Di Formamide; deionized formamide for sample denaturation prior to CE; 5 mL bottle";"Highly deionized (Hi-Di) formamide is used to resuspend samples before electrokinetic injection in capillary electrophoresis systems. This smaller configuration (5 mL) minimizes the number of freeze/thaw cycles compared to larger volumes and may be a better choice when running a smaller number of samples.
For research use only";Bottle;5 mL;Thermo Fisher Scientific;https://www.thermofisher.com/order/catalog/product/4401457;"Store at -20°C; protect from light";
5;3500 Genetik Analizör için koşullandırma reaktifi;Conditioning Reagent for 3500 Genetic Analyzer;4393718;Life Technologies Corporation;Genomik & Sekanslama;Instrument conditioning reagent;24 упак/ pack;Conditioning reagent for washing capillary channels on 3500 Genetic Analyzer;"Conditioning Reagent is offered here as ready-to-use pouch compatible with 3500 and SeqStudio Flex series genetic analyzers. It is designed to be used for priming the polymer pump, washing the polymer pump between polymer type changes, and during instrument shut down. The pouch has adequate volume for a one-time use. Incorporated into the label is a radio frequency identification (RFID) tag. The top part of the pouch fitment is sealed with a plastic film, which should be removed prior to installation on the instrument.
For Research Use Only. Not for use in diagnostic procedures.";Pack;1;Thermo Fisher Scientific;https://www.thermofisher.com/order/catalog/product/4393718;"Store at RT; use before each polymer change";
6;3500 için GeneScan - 600 LIZ laboratuvar reaktifi;GeneScan - 600 LIZ laboratory reagent for 3500;4408399;Thermo Fisher Scientific, USA;Genomik & Sekanslama;Size standard;2 упак/ pack;"GeneScan 600 LIZ Size Standard; 600 bp dye-labeled size standard for CE fragment analysis";"The GeneScan™ 600 LIZ™ Size Standard v2.0 is a fifth dye-labeled high density size standard for the reproducible sizing of fragment analysis data. This updated version incorporates manufacturing process enhancements for improved lot to lot consistency and peak height balance compared to the existing GeneScan™ 600 LIZ™ Size Standard. This product is required for normalization on the 3500 Series Genetic Analyzers, and can also be used as a traditional size standard on all of the Applied Biosystems™ capillary electrophoresis systems. Use this size standard for fragments between 20 and 600 bp. The standard contains 36 LIZ™ dye-labeled, single-stranded DNA fragments. Since the standard is labeled with the fifth dye, users can genotype a greater number of markers in a given lane, compared to the four-dye system.

Size Fragments in the 20-600 Nucleotides Range
GeneScan™ 600 LIZ™ Size Standard v2.0 is designed for sizing DNA fragments in the 20-600 nucleotides range and provides 36 single-stranded labeled fragments of: 20, 40, 60, 80, 100, 114, 120, 140, 160, 180, 200, 214, 220, 240, 250, 260, 280, 300, 314, 320, 340, 360, 380, 400, 414, 420, 440, 460, 480, 500, 514, 520, 540, 560, 580 and 600. The sizing curve generated from fragments make the GeneScan™ 600 LIZ™ Size Standard v2.0 ideal for use for a variety of fragment analysis applications such as Microsatellites, Fragment Length Polymorphisms and Relative Fluorescent Quantitation. Each of the DNA fragments is labeled with the LIZ™ fluorophore which results in a single peak when run under denaturing conditions. With the 5th dye LIZ™ your marker fragments can be labeled with the dyes FAM™, VIC™ , NED™ or PET™.

For Research Use Only. Not for use in diagnostics procedures.
For Research Use Only. Not for use in diagnostic procedures.";Pack;2;Thermo Fisher Scientific;https://www.thermofisher.com/order/catalog/product/4408399;"Store at -20°C; protect from light";
7;Quantifiler™ Trio DNA Kantifikasyon Kiti, 400 test;Quantifiler™ Trio DNA Quantification Kit, 400 tests;4482910;Thermo Fisher Scientific, USA;Genomik & Sekanslama;DNA quantification kit;3 набор/ kit;"Simultaneous quantification of human total & male DNA via real-time PCR; sensitivity 5 pg/μL–100 ng/μL; ISO 18385 compliant";"The Quantifiler Trio DNA Quantification Kit is a robust kit that enables forensic laboratories to simultaneously obtain a quantitative and qualitative assessment of total human and human male DNA in a single, highly sensitive real-time PCR reaction. This guides selection of the optimal short tandem repeat (STR) analysis chemistry (autosomal, Y-STR, or miniSTR) and streamlines the workflow while increasing downstream analysis success rates. The kit includes enhanced quantity and quality indicators that help deliver accurate, sensitive, and specific results that work together with the HID Real Time PCR Analysis Software v1.2 to enable informative and integrated workflow decisions. The Quantifiler Trio kit and the HID v1.2 software are designed for use with the Applied Biosystems 7500 Real-Time PCR System.

Highly Accurate
• Determines the ratio of human male to female DNA, even with minute male and excess female DNA (1:4000 or greater)

Highly Sensitive
• <1 pg/μL limit of detection. Quantifies DNA concentrations from 0.005 ng/uL to >50 ng/uL, enabling the use of a broad range of concentrations, with flexible protocols for higher concentration samples.

Highly Specific
• Detects human and higher primate DNA

Highly Informative
• Quantifies DNA from a wide variety of sources, including buccal swabs, blood, semen, tissue, and other human DNA sources, making this kit suitable for casework sample screening, databasing, and paternity labs
• Guides selection of the optimal AmpFLSTR PCR Amplification Kit (autosomal, Y-STR, or miniSTR)
• Quality Index helps improve prediction of STR amplification performance and estimation of DNA quantity in degraded samples, especially in the presence of inhibitors.
• Enhanced inhibition detects the presence of PCR inhibitors (suggesting additional purification of extract and/or whether a mini STR kit like the MiniFiler, NGM SElect, or GlobalFiler kit may be necessary).

Highly Reliable
• Uses gold standard TaqMan real-time PCR technology already widely adopted in forensic laboratories. Real-time PCR has the widest dynamic range of any DNA detection technology, allowing for more accurate quantification of low level samples.

Highly Efficient
• Dual quantification system minimizes sample consumption and streamlines workflow, with results in ∼1 hour.
• Optimized and validated as part of a complete DNA testing system with the Applied Biosystems 7500 Real-Time PCR System, AmpFLSTR PCR Amplification kits, and HID Real Time PCR Analysis Software v 1.2 to enable high quality STR profiling results.

A Highly Informative Workflow Tool
The Quantifiler Trio DNA Quantification Kit has been optimized and validated as part of a complete DNA testing system with the AmpFLSTR PCR Amplification kits. The chemistry is compatible with commonly used extraction technologies for easy integration into current lab workflows. This enables the Quantifiler Trio kit to function as a critical component of an improved and integrated workflow for more effective processing of forensic casework samples. Both the kit and the software are fully automatable with most liquid handling robotic platforms.

Comparison to Quantifiler Duo Kits
There are several specific differences between the Quantifiler Trio DNA Quantification Kit and the Quantifiler Duo DNA Quantification Kit, including:
Target Loci: The Quantifiler Trio kit uses multiple-copy target loci for improved detection sensitivity. There are three human-specific target loci: Small Autosomal, Large Autosomal, and a Y-chromosome target. Each consists of multiple copies dispersed on various autosomal chromosomes (Small Autosomal and Large Autosomal) or multiple copies on the Y-chromosome.
Optimized Chemistry: The assay chemistry has been optimized for more efficient multiplexing, faster PCR cycle times (∼1 hour), and better inhibitor tolerance. The overall performance improvements allow the Quantifiler Trio kit to better match the enhanced performance of newer STR kits that are designed to accommodate more challenging samples, like the Identifiler Plus, NGM SElect, or GlobalFiler PCR Amplification kits.
DNA Standard: The Quantifiler Trio DNA Standard is a pooled, human genomic, smaller molecular weight DNA for improved stability, homogeneity, and correlation with forensic samples. There is a five point standard curve protocol that helps improve efficiency with up to 6% more samples on a plate.
Packaging Features: To help laboratories control for and minimize the potential of reagent contamination, as well as to better accommodate automated platforms, the Quantifiler Trio DNA Quantification Kit has some key packaging features:
    --Four 100-reaction individual-use screw cap tubes (1 tube will process a 96 well plate)
    --The DNA standard is packaged in a separate box.
    --Both the reagent and DNA standard box are shipped together in an STR-style sleeve with peel & stick reagent lot barcode labels. This allows customers to separate out the reagents easily for special storage upon arrival at the laboratory.";Kit;400 rxn;Thermo Fisher Scientific;https://www.thermofisher.com/order/catalog/product/4482910;"Store at -20°C; for forensic/paternity use only";
8;GlobalFiler™ Express PCR Amplifikasyon Kiti, 200 test;GlobalFiler™ Express PCR Amplification Kit, 200 tests;4476609;Thermo Fisher Scientific, USA;Genomik & Sekanslama;STR PCR amplification kit;4 набор/ kit;"6-dye, 24-locus STR kit for database/single-source samples; ~40 min amplification; CODIS/ENFSI compatible";"The GlobalFiler Express PCR Amplification Kit is the first 6-dye, 24-locus STR kit that combines maximum compatibility with global databasing loci standards, with dramatically reduced amplification time and superior discrimination power, to enable forensic DNA labs worldwide to maximize information recovery and improve overall efficiency. The GlobalFiler Express kit is part of a fully integrated and validated forensic DNA workflow backed by best-in-class global training, service, and support. This kit is optimized for database and single-source samples; for casework samples, please see our GlobalFiler PCR Amplification Kit.

Key Features:

• Up to 5-times faster amplification time than previous-generation kits
• DNA results in <2 hours—using current CE platforms
• Optimized protocols for blood and buccal samples deposited on swab or paper substrates
• The only kit with all markers recommended for inclusion by the CODIS Core Loci Working Group, including all markers commonly used in Europe, for maximum global database compatibility

The GlobalFiler Express kit is a robust and reliable single-amplification STR multiplex kit optimized for use with database and single-source samples. The kit leverages new dyes for the incorporation of additional markers, generating the most discriminating kit available to the forensic community. The kit contains all of the markers included in the major global databases and utilizes optimized reagents, thermal cycling parameters, and the latest advances in oligo synthesis and purification to enable the highest quality results specific to the sample type being processed. Maintenance of the NGM SElect and Identifiler primer sequences helps to ensure maximum concordance with previously typed samples. In addition, multiple gender markers have been added to the multiplex to enable accurate typing of male samples, even highly degraded or Y-negative samples, while increased genotyping accuracy is obtained with the expansion of the allelic ladder allele ranges to include all rare alleles as described in the literature (STRbase).

Experience Matters
We are the only company in the world that designs and validates its reagents, instruments, and data analysis software together as an integrated system for DNA testing. Technical service scientists and field application specialists are available to answer your technical questions, review data, and make recommendations on how to perform assays and troubleshoot results. All of these resources help ensure success when using Applied Biosystems human identification solutions in your laboratory.";Kit;200 rxn;Thermo Fisher Scientific;https://www.thermofisher.com/order/catalog/product/4474566;"Store at -15°C to -25°C; after opening store at 2–8°C for up to 6 months";"4474566 is not available; web evidence for this product line points to 4476609/4474665, not 4474566."
9;GlobalFiler™ PCR Amplifikasyon Kiti, 200 test;GlobalFiler™ PCR Amplification Kit, 200 tests;4476135;Thermo Fisher Scientific, USA;Genomik & Sekanslama;STR PCR amplification kit;4 набор/ kit;"6-dye, 24-locus STR kit for casework samples; ~80 min amplification; CODIS/ENFSI compatible; 10 mini-STRs included";"The GlobalFiler PCR Amplification Kit is the first 6-dye, 24-locus STR kit that combines maximum compatibility with global databasing loci standards, with dramatically reduced amplification time and superior discrimination power, helping to enable forensic DNA labs worldwide to maximize information recovery and improve overall efficiency. The GlobalFiler kit is part of a fully integrated and validated forensic DNA workflow backed by best-in-class global training, service, and support. This kit is optimized for casework samples and is also available in a format containing an internal quality control (IQC) system (Cat. No. A43565), helping forensic DNA labs worldwide maximize information recovery and improve overall efficiency. For database and single-source samples, please see our GlobalFiler Express PCR Amplification Kit (Cat. No. 4476609).

Key Features:

Efficient protocols minimize amplification time compared to previous-generation kits
An optimized buffer system and expanded DNA input volume delivers maximum sensitivity for trace/low level DNA samples
Enhanced intracolor balance simplifies interpretation of mixture samples
The inclusion of 10 mini-STRs maximizes results from degraded samples
The only kit with all markers recommended for inclusion by the CODIS Core Loci Working Group, including all markers commonly used in Europe, for maximum global database compatibility
The GlobalFiler kit is a robust and reliable single-amplification STR multiplex kit optimized for use with the most challenging casework samples. The kit leverages new dyes for the incorporation of additional markers, generating the most discriminating kit available to the forensic community. The kit contains all of the markers included in the major global databases, including 10 mini-STRs, designed to deliver optimized results with even highly degraded samples.

Developed specifically for casework applications, the GlobalFiler kit contains a buffer system that delivers greater sensitivity for enhanced performance with inhibited and low-concentration DNA samples. The GlobalFiler kit utilizes the latest advances in oligo synthesis and purification, which provide a clean baseline and a balanced profile, resulting in simplified data analysis. Maintenance of the NGM SElect and Identifiler primer sequences helps ensure maximum concordance with previously typed samples. In addition, multiple gender markers have been added to the multiplex to enable accurate typing of male samples, even highly degraded or Y-negative samples, while increased genotyping accuracy is obtained with the expansion of the allelic ladder allele ranges to include all rare alleles as described in the literature (STRbase).

Experience Matters

We are the only company in the world that designs and validates its reagents, instruments, and data analysis software together as an integrated system for DNA testing. Technical service scientists and field application specialists are available to answer your technical questions, review data, and make recommendations on how to perform assays and troubleshoot results. All of these resources help ensure success when using Applied Biosystems human identification solutions in your laboratory.

For licensing and limited use restrictions visit thermofisher.com/HIDlicensing.
";Kit;200 rxn;Thermo Fisher Scientific;https://www.thermofisher.com/order/catalog/product/4476135;"Store at -15°C to -25°C; after opening store at 2–8°C for up to 6 months";
10;Prep-n-Go™ tamponu (bukkal sürüntüler için), 200 reaksiyon;Prep-n-Go™ Buffer (for buccal swabs), 200 rxn;4471406;Life Technologies Corporation;Genomik & Sekanslama;Direct PCR buffer;4 упак/ pack;"Buffer enabling direct PCR amplification from buccal swabs without extraction; 200 rxn";"Prep-n-Go™ Buffer (for buccal swabs) is a best-in-class buffer designed to enable high-quality direct PCR amplification of single source samples collected on buccal swabs and amplified using the AmpFLSTR™ Identifiler™ Direct PCR Amplification Kit or other Applied Biosystems™ STR direct chemistries. This product expands direct PCR amplification capabilities to laboratories that use a wide variety of substrates, and is readily adaptable to both manual and automated workflows. No purification, extraction, or quantification is required, thus enabling laboratories to significantly expand their throughput capabilities, while also maximizing sample integrity and data quality.

Key Features:

• Designed to provide consistent, interpretable peaks above the detection threshold, and high quality, well-balanced STR profiles
• Helps simplify automation requirements and expand throughput capabilities
• Helps maximize sample integrity and data quality
• Developed according to stringent performance standards to enable higher data reproducibility, reduced artifacts, and increased success rates with Applied Biosystems™ STR direct amplification solutions";Pack;200 rxn;Thermo Fisher Scientific;https://www.thermofisher.com/order/catalog/product/4471406;Store at -20°C;
11;Adli DNA Ekstraksiyon Kiti, PrepFiler Express™, 52 test;Forensic DNA Extraction Kit, PrepFiler Express™, 52 tests;4441352;Life Technologies Corporation;Genomik & Sekanslama;DNA extraction kit;7 набор/ kit;"Forensic DNA extraction kit for casework samples using magnetic bead technology; 52 tests/kit";"This kit is for use with the AutoMate Express Forensic DNA Extraction System. It is suitable for the majority of standard sample types encountered in forensic laboratories such as bodily fluids on different substrates including FTA paper, cotton swabs, cotton cloth, denim and many others. We have designed the PrepFiler chemistry specifically to improve the quantity and quality of DNA isolated from forensic samples, thereby increasing the potential to obtain maximum information from downstream Short Tandem Repeat (STR) analysis.

Key Product Features:
• Designed to improve the yield and overall purity of DNA isolated from both routine and challenging forensic samples.
• Provides high quality DNA, free of PCR inhibitors and suitable for downstream applications such as quantitative real-time PCR and short tandem repeat (STR) analysis
• Simple and fast separation of substrate from lysate with the unique PrepFiler LySep Column
• Quick and easy run setup with ready-to-use pre-filled cartridges
• Closed system that minimizes the risk of contamination and transposition errors
• Processes 1 to 13 samples in a single run
• Rapid implementation with pre-validated, pre-programmed instrument protocols
• Integrated solution including novel reagents, consumables and automation to provide time saving, cost effective and reliable DNA extraction
• Improves downstream genotyping (STR) success rate and profile quality

Streamlined Off-Line Lysis
The PrepFiler Express Kits include the innovative PrepFiler LySep Column, which dramatically streamlines the off-line lysis portion of the extraction method. PrepFiler Lysis buffer or PrepFiler BTA Lysis buffer is added directly into the PrepFiler LySep Column along with the sample for incubation. Next, the PrepFiler LySep Column is quickly centrifuged which permits lysate flow through the burstable membrane while the substrate remains behind in the column. The sample tube is then simply ready to be placed on the AutoMate Express instrument. This eliminates the manual lysate and substrate transfer steps, saving time and minimizing cross contamination and sample transposition events.

For Research, Forensic, or Paternity Use Only. Not intended for any animal or human therapeutic or diagnostic use.";Kit;52 tests;Thermo Fisher Scientific;https://www.thermofisher.com/order/catalog/product/4441352;"Store at RT; ISO 18385 compliant";
12;Adli DNA Ekstraksiyon Kiti, PrepFiler Express BTA™, 52 test;Forensic DNA Extraction Kit, PrepFiler Express BTA™, 52 tests;4441351;Life Technologies Corporation;Genomik & Sekanslama;DNA extraction kit;7 набор/ kit;"Forensic DNA extraction kit with BTA reagents for challenging matrices; 52 tests/kit";"This kit is for use with the AutoMate Express Forensic DNA Extraction System. It was designed specifically for challenging samples such as bones, teeth and adhesive based samples such as cigarette butts and tape lifts. We have designed the PrepFiler chemistry specifically to improve the quantity and quality of DNA isolated from forensic samples, thereby increasing the potential to obtain maximum information from downstream Short Tandem Repeat (STR) analysis.

Key Product Features:
• Designed to improve the yield and overall purity of DNA isolated from both routine and challenging forensic samples.
• Provides high quality DNA, free of PCR inhibitors and suitable for downstream applications such as quantitative real-time PCR and short tandem repeat (STR) analysis
• Simple and fast separation of substrate from lysate with the unique PrepFiler LySep Column
• Quick and easy run setup with ready-to-use pre-filled cartridges
• Closed system that minimizes the risk of contamination and transposition errors
• Processes 1 to 13 samples in a single run
• Rapid implementation with pre-validated, pre-programmed instrument protocols
• Integrated solution including novel reagents, consumables and automation to provide time saving, cost effective and reliable DNA extraction
• Improves downstream genotyping (STR) success rate and profile quality

Streamlined Off-Line Lysis
The PrepFiler Express Kits include the innovative PrepFiler LySep Column, which dramatically streamlines the off-line lysis portion of the extraction method. PrepFiler Lysis buffer or PrepFiler BTA Lysis buffer is added directly into the PrepFiler LySep Column along with the sample for incubation. Next, the PrepFiler LySep Column is quickly centrifuged which permits lysate flow through the burstable membrane while the substrate remains behind in the column. The sample tube is then simply ready to be placed on the AutoMate Express instrument. This eliminates the manual lysate and substrate transfer steps, saving time and minimizing cross contamination and sample transposition events.

For Research, Forensic, or Paternity Use Only. Not intended for any animal or human therapeutic or diagnostic use.";Kit;52 tests;Thermo Fisher Scientific;https://www.thermofisher.com/order/catalog/product/4441351;"Store at RT; ISO 18385 compliant";
13;"Kan lekesi tanımlama için ""Seratec PMB"" testi, 30 test";Test for blood stain identification, 30 tests;LOT 240032;Seratec GmbH, Germany;Biyokimya;Blood stain identification test;50 упак/ pack;Test detects the presence of human hemoglobin and D-dimer (a degradation protein found in menstrual blood). This monoclonal antibody test is robust and easy to use in both the laboratory and the field. ;"Benefits

30 individually sealed cassettes and 30 tubes with 1.5mL each of dilution buffer;
Fast and reliable: results in only 10 minutes;
Sensitive: detects as little as 20ng/mL of human hemoglobin and 400 ng/mL of D-dimer;
Simple: easy to use, no special training necessary; and
Compatible with DNA extraction and typing.";Pack;30 tests;Seratec GmbH;;;
14;İnsan serum proteinlerine karşı antiserum, Hematolog, 324HV;Antiserum against human serum proteins, Hematolog, 324HV;20.59.52.199;Gematolog, Russia;Biyokimya;Antiserum / immunodiffusion reagent;160 ml / мл;;Кроличьи антитела для определения наличия сывороточных белков человека в судебно-медицинском материале. Фасовка – стеклянный флакон по 1-2 мл.;Bottle;160 mL;Gematolog, Russia;;;
15;Domuz serum proteinlerine karşı antiserum, Hematolog, 226SV;Antiserum against porcine serum proteins, Hematolog, 226SV;20.59.52.199;Gematolog, Russia;Biyokimya;Antiserum / immunodiffusion reagent;10 ml / мл;;Кроличьи антитела для определения наличия сывороточных белков свиньи в судебно-медицинском материале. Фасовка – стеклянный флакон по 1-2 мл;Bottle;10 mL;Gematolog, Russia;;;
16;Sığır serum proteinlerine karşı antiserum, Hematolog, 162RS;Antiserum against bovine serum proteins, Hematolog, 162RS;20.59.52.199;Gematolog, Russia;Biyokimya;Antiserum / immunodiffusion reagent;20 ml / мл;;Кроличьи антитела для определения наличия сывороточных белков крупного рогатого скота в судебно-медицинском материале. Фасовка – стеклянный флакон по 1-2 мл;Bottle;20 mL;Gematolog, Russia;;;
17;At serum proteinlerine karşı antiserum, Hematolog, 160-1LSH;Antiserum against equine serum proteins, Hematolog, 160-1LSH;20.59.52.199;Gematolog, Russia;Biyokimya;Antiserum / immunodiffusion reagent;10 ml / мл;;Кроличьи антитела для определения наличия сывороточных белков лошади в судебно-медицинском материале. Фасовка – стеклянный флакон по 1-2 мл;Bottle;10 mL;Gematolog, Russia;;;
18;Kuş serum proteinlerine karşı antiserum, Hematolog, 215-1PT;Antiserum against avian serum proteins, Hematolog, 215-1PT;20.59.52.199;Gematolog, Russia;Biyokimya;Antiserum / immunodiffusion reagent;15 ml / мл;;Кроличьи антитела для определения наличия сывороточных белков птицы в судебно-медицинском материале. Фасовка – стеклянный флакон по 1-2 мл;Bottle;15 mL;Gematolog, Russia;;;
19;Köpek serum proteinlerine karşı antiserum, Hematolog, 163SB;Antiserum against dog serum proteins, Hematolog, 163SB;20.59.52.199;Gematolog, Russia;Biyokimya;Antiserum / immunodiffusion reagent;5 ml / мл;;Кроличьи антитела для определения наличия сывороточных белков собаки в судебно-медицинском материале. Фасовка – стеклянный флакон по 1-2 мл;Bottle;5 mL;Gematolog, Russia;;;
20;Kedi serum proteinlerine karşı antiserum, Hematolog, 145-1KSH;Antiserum against cat serum proteins, Hematolog, 145-1KSH;20.59.52.199;Gematolog, Russia;Biyokimya;Antiserum / immunodiffusion reagent;5 ml / мл;;Кроличьи антитела для определения наличия сывороточных белков кошки в судебно-медицинском материале. Фасовка – стеклянный флакон по 1-2 мл.;Bottle;5 mL;Gematolog, Russia;;;
21;Tavşan serum proteinlerine karşı antiserum;Antiserum against rabbit serum proteins;;Gematolog, Russia;Biyokimya;Antiserum / immunodiffusion reagent;5 ml / мл;;;Bottle;5 mL;Gematolog, Russia;;;
22;Anti-M hemaglütinasyon serumu (solyclon Anti-M);Anti-M hemagglutinating serum (solyclon Anti-M);;Gematolog, Russia;Biyokimya;Hemagglutinating serum;30 ml / мл;;;Bottle;30 mL;Gematolog, Russia;;;
23;Anti-N hemaglütinasyon serumu (solyclon Anti-N);Anti-N hemagglutinating serum (solyclon Anti-N;;Gematolog, Russia;Biyokimya;Hemagglutinating serum;30 ml / мл;;;Bottle;30 mL;Gematolog, Russia;;;
24;Anti-P hemaglütinasyon serumu (solyclon Anti-P);Anti-P hemagglutinating serum (solyclon Anti-P);;Gematolog, Russia;Biyokimya;Hemagglutinating serum;30 ml / мл;;;Bottle;30 mL;Gematolog, Russia;;;
25;Kell hemaglütinasyon serumu;Kell hemagglutinating serum;;Gematolog, Russia;Biyokimya;Hemagglutinating serum;30 ml / мл;;;Bottle;30 mL;Gematolog, Russia;;;
26;Kan gruplaması için Anti-A monoklonal antikorlar, 797F;Anti-A Monoclonal Antibodies for Blood Typing, 797F;№ФСР 2008/04007 — регистрационное удостоверение на медицинское изделие «Цоликлоны Анти-А, Анти-В и Анти-АВ» (антитела моноклональные анти-А, анти-В, анти-АВ) по ТУ 9398-001-27575295-2004;Gematolog, Russia;Biyokimya;Monoclonal blood grouping reagent;500 ml / мл;;;Bottle;500 mL;Gematolog, Russia;;;
27;Kan gruplaması için Anti-B monoklonal antikorlar, 798F;Anti-B Monoclonal Antibodies for Blood Typing, 798F;№ФСР 2008/04007 — регистрационное удостоверение на медицинское изделие «Цоликлоны Анти-А, Анти-В и Анти-АВ» (антитела моноклональные анти-А, анти-В, анти-АВ) по ТУ 9398-001-27575295-2004;Gematolog, Russia;Biyokimya;Monoclonal blood grouping reagent;500 ml / мл;;;Bottle;500 mL;Gematolog, Russia;;;
28;Kan gruplaması için Anti-H monoklonal antikorlar, 31-7;Anti-H Monoclonal Antibodies for Blood Typing, 31-7;;Gematolog, Russia;Biyokimya;Monoclonal blood grouping reagent;100 ml / мл;;;Bottle;100 mL;Gematolog, Russia;;;
29;Anti-D monoklonal kan gruplama reaktifi, 918;Anti-D monoclonal blood grouping reagent, 918;;Gematolog, Russia;Biyokimya;Monoclonal blood grouping reagent;30 ml / мл;;;Bottle;30 mL;Gematolog, Russia;;;
30;Mikrotom bıçakları;Microtome blades;28407004;Plasma Blade LPH;Genel Sarf;Histology blade;100 упак/ pack;;"Disposable blades (plasma coated)
Low profile plasma LPH for hard specimens";Pack;100;Plasma Blade LPH;;;
31;Mayer Hematoksilin 1 L, BioWitrum;Mayer's Hematoxylin 1 L., BioWitrum;HК-G0-DL01;BioWitrum, Russia;Biyokimya;Histological staining reagent;10 литер/ liter;;;Bottle;1 L;BioWitrum, Russia;;;
32;Eozin su-alkollü konsantre 0,5 L, BioWitrum;Eosin water-alcoholic concentrated 0,5 L, BioWitrum;HК-EK-A500;BioWitrum, Russia;Biyokimya;Histological staining reagent;20 литер/ liter;;;Bottle;500 mL;BioWitrum, Russia;;;
33;PURELAB Option-R 7/15 ters ozmoz filtre kartuşu;PURELAB Option-R 7/15   Cartridge for reverse osmosis filters;LC143 Purelab Option 7/15 Reverse Osmosis;ELGA VEOLIA;Su Arıtma;Reverse osmosis membrane cartridge;33 pcs;"RO membrane cartridge for PURELAB Option-R 7/15 / Medica; removes inorganic & organic compounds; lifespan ~24 months";;Cartridge;1;ELGA LabWater (Veolia);https://www.elgalabwater.com/sites/default/files/Consumables%20Datasheets/Pulse.pdf;Replace every 24 months or when flow rate drops;
34;Purelab Option-R için UV lamba;UV lamp for Purelab Option-R;LC105 Purelab Option 7/15;ELGA VEOLIA;Su Arıtma;UV lamp for water purifier;33 pcs;"UV lamp (LC105) for PURELAB Option-R / Pulse; 254 nm germicidal UV; lifespan ~18 months";;Lamp;1;ELGA LabWater (Veolia);https://www.elgalabwater.com/sites/default/files/Consumables%20Datasheets/Pulse.pdf;Replace every 12 months;
35;Purelab Option-R için saflaştırma paketi;Purification pack for Purelab Option-R;LC214 Purelab flex 3&4 Purification pack;ELGA VEOLIA;Su Arıtma;Purification cartridge pack;30 pcs;"LC214 DI purification pack for PURELAB flex 3/4; mixed-bed ion exchange resin; lifespan ~6 months";;Pack;1;ELGA LabWater (Veolia);https://www.elgalabwater.com/sites/default/files/Consumables%20Datasheets/Flex_3.pdf;Replace every 6 months;
36;UV lamba 185/254 nm;UV lamp 185/254nm;LC210-02 Purelab flex 3&4 UV lamp;ELGA VEOLIA;Su Arıtma;UV lamp for water purifier;30 pcs;"UV lamp 185/254 nm (LC210-02) for PURELAB flex 3/4; destroys organics and bacteria; lifespan ~18 months";;Lamp;1;ELGA LabWater (Veolia);https://www.elgalabwater.com/sites/default/files/Consumables%20Datasheets/Flex_3.pdf;Replace every 12-18 months;
37;Gliserin;Glycerin;ЧДА VKTN-138 ОКП 2632140072;Siemens Healthcare Diagnostics, USA;Genel Sarf;Glycerol / sample mounting medium;5 шт./ pcs;"Glycerin (Glycerol) ≥99.5% purity; pharmaceutical grade; used as mounting medium and preservative";;Bottle;1;Siemens Healthcare Diagnostics;https://www.labor.com.tr/urun/gliserin-99-5-farma-kalite-pur-gr-1-lt;Store at RT;
38;Emit® II Plus Etil Alkol reaktifi, 115 ml;Emit® II Plus EthylAlcohol reagent, 115 ml;Art 10445452 REF 9K309;Siemens Healthcare Diagnostics, USA;Biyokimya;EMIT ethanol assay reagent;60 упак/ pack;"EMIT II Plus Ethyl Alcohol reagent for quantitative ethanol determination in serum/plasma; 115 mL; for use with Viva/Dimension analyzer";"Application	Toxicology Reagent
For Use With	For Chemistry Analyzers
Specialty	Toxicology
Test Category	Drugs of Abuse
Test Name	Ethanol
Test Type	Single Drug
Volume	115 mL";Bottle;115 mL;Siemens Healthcare Diagnostics;https://mms.mckesson.com/product/1033981/Siemens-10445452;"Store at 2–8°C; REF 9K309";
39;EMIT® Alkol Yüksek Kontrol 300 mg/dL, 1x3 ml;EMIT® Alcohol High Control 300 MG/DL, 1x3 ml;Art 10445449 REF 9K079;Siemens Healthcare Diagnostics, USA;Biyokimya;EMIT ethanol control;4 упак/ pack;"EMIT Alcohol High Control 300 mg/dL; 1×3 mL; for QC of ethanol assay on clinical analyzers";"Application	Calibrator
For Use With	For Syva Emit Ethyl Alcohol Assays
Form	Liquid
Levels	High Level
Specialty	Toxicology
Storage Requirements	Keep Frozen
Test Category	Drugs of Abuse
Test Name	Ethanol
Volume	3 mL";Vial;1×3 mL;Siemens Healthcare Diagnostics;https://www.fishersci.com/shop/products/alcohol-high-control/01818110;"Store at 2–8°C; REF 9K079";
40;EMIT® Etil Alkol Düşük Kontrol 40 mg/dL, 1x3 ml;EMIT® Ethyl Alcohol Low Control 40 MG/DL, 1x3 ml;ART 10445447  REF 9K049;Siemens Healthcare Diagnostics, USA;Biyokimya;EMIT ethanol control;4 упак/ pack;"EMIT Ethyl Alcohol Low Control 40 mg/dL; 1×3 mL; for QC of ethanol assay";"Application	Control
Levels	Low Level
Test Category	Drugs of Abuse
Test Name	Ethanol
Test Type	Drugs of Abuse
Volume	3 mL";Vial;1×3 mL;Siemens Healthcare Diagnostics;https://www.fishersci.com/shop/products/alcohol-low-control/01818114;"Store at 2–8°C; REF 9K049";
41;EMIT® Alkol Negatif Kalibratör, 1x3 ml;EMIT® Alcohol Negative Calibrator, 1x3 ml;ART 10445445  REF 9K029;Siemens Healthcare Diagnostics, USA;Biyokimya;EMIT ethanol calibrator;4 упак/ pack;"EMIT Alcohol Negative Calibrator; 1×3 mL; zero-level calibrator for ethanol assay";"Application	Calibrator
For Use With	For Syva Emit Ethyl Alcohol Assays
Form	Liquid
Levels	Negative Level
Specialty	Toxicology
Storage Requirements	Keep Frozen
Test Category	Drugs of Abuse
Test Name	Ethanol
Volume	3 mL";Vial;1×3 mL;Siemens Healthcare Diagnostics;https://www.fishersci.com/shop/products/alcohol-negative-calibrator/21280115;"Store at 2–8°C; REF 9K029";
42;EMIT® Alkol Kalibratörü 100 mg/dL, 1x3 ml;EMIT® Alcohol Calibrator 100 MG/DL, 1x3 ml;ART 10445448 REF 9K059;Elitech Clinical Systems, France;Biyokimya;EMIT ethanol calibrator;4 упак/ pack;"EMIT Alcohol Calibrator 100 mg/dL; 1×3 mL; mid-level calibrator for ethanol assay";"Application	Calibrator
For Use With	For Syva Emit Ethyl Alcohol Assays
Form	Liquid
Levels	100 mg / dL
Specialty	Toxicology
Storage Requirements	Keep Frozen
Test Category	Drugs of Abuse
Test Name	Ethanol
Volume	3 mL";Vial;1×3 mL;Elitech Clinical Systems, France;https://www.fishersci.com/shop/products/alcohol-calibrator/21280114;"Store at 2–8°C; REF 9K059";
43;EPSON Şerit Kartuşu ERC-09;EPSON Ribbon Cartridge ERC-09;EPSON Ribbon Cartridge ERC-09 CHINA PAT.P.;Epson, China;Genel Sarf;Printer ribbon cartridge;10 упак/ pack;;Epson ERC09B: Ribbon Cartridge HX-20, M-160/M-180/M-190 series, black;Cartridge;1;Epson;;;
44;"""ClipTip"" filtreli pipet uçları, 1000 µl, 8×96 adet";"""ClipTip"" pipette tips, filtered, 1000 µl, 8*96 pcs";REF 94420713;Thermo Fisher Scientific, USA;Pipetleme;Filtered pipette tip;3 упак/ pack;"ClipTip filtered pipette tip 1000 µL; sterile; with clip-in rack; 8×96 tips/pack; compatible with ClipTip pipettes";"Ensure a secure seal for every sample. A unique, innovative interlocking technology ensures a complete seal on every channel with minimal tip attachment and ejection force.

Ensure a secure seal for every sample. Thermo Scientific™ ClipTip™ Pipette Tips provide a secure seal for every sample with a unique and innovative interlocking technology that ensures a complete seal on every channel with minimal tip attachment and ejection force. Achieve newfound confidence knowing that once attached, your tips are locked firmly in place, and will not loosen or fall off regardless of application pressure. The innovative three interlocking clip design ensures the tip is held securely on the F1-ClipTip and E1-ClipTip pipettes until — and only until — it is released.

Key Features:

ClipTip pipette tips feature 'clips' that lock tips in place and form a complete seal
Each time ClipTip pipette tips are on, they are sealed and will not loosen regardless of application pressure
ClipTip pipette tips are clipped securely on the F1-ClipTip and E1-ClipTip pipettes with a light touch eliminating the frustration of banging tips on your pipette
Filtered ClipTip pipette tips are ideal for sensitive assays, such as PCR, and with critical samples to prevent cross-contaminations
Low retention

Low retention technology minimizes liquid retention, and enable maximium sample recovery. Available in ClipTip 20-1250 96-format tips.

Proven quality

Certified free of RNase, DNase, DNA, ATP and endotoxin contamination

Environmentally responsible

ClipTip reload system uses recycled components and 30% less plastic

Versatile Tip Range

96-format volumes: 12.5, 20, 50, 200, 300, 1000 and 1250μL
384-format volumes: 12.5, 30 and 125μL
Extended length tips available for volumes 12.5 and 300 μl allowing for better reach with specific labware consumables

Immediate traceability

Each tip insert has ink-jetted lot and volume information; the convenient color key makes it easy to match the color code of the F1-ClipTip and E1-ClipTip pipette with the corresponding ClipTip pipette tip rack insert";Pack;768 tips (8×96);Thermo Fisher Scientific;https://www.thermofisher.com/order/catalog/product/94420713;"Store at RT; DNase/RNase-free";
45;ClipTip™ filtreli pipet uçları;"ClipTip&trade; Filtered Pipette Tips";REF 94410713;Thermo Fisher Scientific, USA;Pipetleme;Filtered pipette tip;17 pack;"ClipTip filtered pipette tip; sterile; rack format; compatible with ClipTip pipettes";"Ensure a secure seal for every sample, with these pipette tips. A unique, innovative interlocking technology ensures a complete seal on every channel with minimal tip attachment and ejection force.

Ensure a secure seal for every sample. Thermo Scientific™ ClipTip™ Pipette Tips provide a secure seal for every sample with a unique and innovative interlocking technology that ensures a complete seal on every channel with minimal tip attachment and ejection force. Achieve newfound confidence knowing that once attached, your tips are locked firmly in place, and will not loosen or fall off regardless of application pressure. The innovative three interlocking clip design ensures the tip is held securely on the F1-ClipTip and E1-ClipTip pipettes until — and only until — it is released.

Key Features:

ClipTip pipette tips feature 'clips' that lock tips in place and form a complete seal
Each time ClipTip pipette tips are on, they are sealed and will not loosen regardless of application pressure
ClipTip pipette tips are clipped securely on the F1-ClipTip and E1-ClipTip pipettes with a light touch eliminating the frustration of banging tips on your pipette

Low retention

Low retention technology minimizes liquid retention, and enable maximium sample recovery. Available in ClipTip 20-1250 96-format tips.

Proven quality

Certified free of RNase, DNase, DNA, ATP and endotoxin contamination

Environmentally responsible

ClipTip reload system uses recycled components and 30% less plastic

Versatile Tip Range

96-format volumes: 12.5, 20, 50, 200, 300, 1000 and 1250μL
384-format volumes: 12.5, 30 and 125μL
Extended lenght tips available for volumes 12.5 and 300 μl allowing for better reach with specific labware consumables

Immediate traceability

Each tip insert has ink-jetted lot and volume information; the convenient color key makes it easy to match the color code of the F1-ClipTip and E1-ClipTip pipette with the corresponding ClipTip pipette tip rack insert";Pack;1;Thermo Fisher Scientific;https://www.thermofisher.com/order/catalog/product/94410713;"Store at RT; DNase/RNase-free";
46;Agilent GC için helyum gazı, %99,999, 50 L;Helium gas for Agilent GC, 99.999%, 50 L;"99,9999%, 50 Litr
CAS №: 7440-59-7
EC №: 231-168-5";Asalgaz, Turkey;Genel Sarf;Laboratory gas - Helium;50 pcs;;;Cylinder;50 L;Asalgaz, Turkey;;;
47;Agilent GC için argon gazı, %99,99, 50 L;Argon gas for Agilent GC, 99.99%, 50 L;"99,999%, 50 Litr
CAS №: 7440-37-1
EC №: 231-147-0";Asalgaz, Turkey;Genel Sarf;Laboratory gas - Argon;10 шт./ pcs;;;Cylinder;50 L;Asalgaz, Turkey;;;
48;Carl Roth Sodyum klorür, ≥%99,5, 1 kg;Carl Roth Sodium chloride, ≥99.5 %, 1 kg;art № 3957.1;Carl Roth, Germany;Biyokimya;Inorganic salt;50 упак/ pack;"Sodium chloride ≥99.5% purity; analytical grade; 1 kg; Art. 3957.1";"Common salt
Empirical formula NaCl
Molar mass (M) 58,44 g/mol
Density (D) 2,17 g/cm³
Boiling point (bp) >1450 °C
Melting point (mp) 801 °C
WGK 1
CAS No. 7647-14-5
EG-Nr. 231-598-3

Without anti-caking agent, caking possible
For cell culture and biochemistry.";Bottle;1 kg;Carl Roth, Germany;https://www.carlroth.com/en-gb/catalogue/sodium-chloride/p/3957.1;Store at RT in dry conditions;
49;Amonyum format, 100 g;Ammonium formate, 100g;17843-50mg;Carl Roth, Germany;Biyokimya;LC-MS reagent;1 упак/ pack;"Ammonium formate 97%, HPLC grade; 100 g; Art. 17843; for LC-MS mobile phase preparation";"Quantity 50 g
Linear Formula HCO2NH4
UN Number NONH for all modes of transport
Beilstein 3625095
Solubility Information Soluble in water 0.1g/mL at 25°C
Formula Weight 63.06g/mol
Percent Purity ≥99%
Density 1.26g/mL at 25°C
Chemical Name or Material Ammonium Formate";Bottle;100 g;Carl Roth, Germany;https://www.carlroth.com/com/en/starting-material-for-eluent-mixtures/ammonium-formate/p/1ntk.2;Store at RT;
50;Formik asit Rotipuran, %99, 50 ml;Formic acid Rotipuran, 99%, 50 ml;85049-051;Carl Roth, Germany;Biyokimya;LC-MS reagent;1 упак/ pack;"Formic acid Rotipuran ≥99%, p.a.; 50 mL; Art. 4724; for LC-MS mobile phase preparation";"Formylic acid, Methanoic acid, Hydrogen carboxylic acid
Empirical formula CH2O2
Molar mass (M) 46,02 g/mol
Density (D) 1,22 g/cm³
Boiling point (bp) 101 °C
Flash point (flp) 49 °C
Melting point (mp) 4 °C
ADR 8 II
WGK 1
CAS No. 64-18-6
EG-Nr. 200-579-1
UN-Nr. 1779";Bottle;50 mL;Carl Roth, Germany;https://www.carlroth.com/com/en/starting-material-for-eluent-mixtures/formic-acid/p/1ehk.1;"Corrosive; store at RT in fume hood area";
51;ROTI tampon çözeltisi, pH 4,00 ±0,02, 500 ml;ROTI buffer solution, pH 4.00 ±0.02, 500 ml;Артикул: P712.3     VWR 32095.184;Carl Roth, Germany;Biyokimya;pH buffer solution;1 упак/ pack;"ROTI buffer pH 4.00 ±0.02; certified reference material; 500 mL; Art. P712.3";"Density (D) 1,007 g/cm³
Boiling point (bp) 100 °C
WGK 1

Citric acid, caustic soda lye, sodium chloride";Bottle;500 mL;Carl Roth, Germany;https://www.carlroth.com/com/en/rotistar-ph-buffer-solutions/buffer-solution-ph-4-00-%C2%B10-01-%2820-%C2%B0c%29/p/9974.1;Store at RT;
52;ROTI tampon çözeltisi, pH 10,00 ±0,02, 500 ml;ROTI buffer solution, pH 10.00 ±0.02, 500 ml;Артикул: P716.2 VWR 32040.185;Carl Roth, Germany;Biyokimya;pH buffer solution;1 упак/ pack;"ROTI buffer pH 10.00 ±0.02; certified reference material; 500 mL; Art. P716.2";"Density (D) 1,008 g/cm³
Boiling point (bp) ~100 °C

Boric acid, caustic soda lye, potassium chloride";Bottle;500 mL;Carl Roth, Germany;https://www.carlroth.com/com/en/rotistar-ph-buffer-solutions/buffer-solution-ph-10-00-%C2%B10-01-%2820-%C2%B0c%29/p/9983.1;Store at RT;
53;Hidrojen iz jeneratörü için elektrolitik hücre bloğu;Electrolytic cell block for Hydrogen Trace generator;"08-9412
08-3609
08-3644
08-3609
08-3543";Peak Scientific, UK;Genel Sarf;Hydrogen generator electrolytic cell;1 шт./ pcs;"Electrolytic cell block / cell stack for Peak Hydrogen Trace generator; spare part; Art. 08-9412/08-3609/08-3644/08-3543";;Pack;1;Peak Scientific, UK;https://www.peakscientific.com/products/hydrogen/precision-hydrogen-trace-250/?utm_source=chatgpt.com;"Handle carefully; high-purity electrolyte";
54;Precision Hydrogen Trace için elektrolitik hücre bloğu;Electrolytic cell block for Precision Hydrogen Trace;05-1007;Peak Scientific, UK;Genel Sarf;Hydrogen generator electrolytic cell;1 шт./ pcs;"Electrolytic cell block for Precision Hydrogen Trace generator; Art. 05-1007";;Pack;1;Peak Scientific, UK;https://www.peakscientific.com/products/hydrogen/precision-hydrogen-trace-250/?utm_source=chatgpt.com;;
55;Peak Precision Hydrogen Trace için servis kiti, 1 yıl;Service kit for Peak Precision Hydrogen Trace, 1-year;08-3609;Peak Scientific, UK;Genel Sarf;Hydrogen generator service kit;2 набор/ kit;"Annual service kit for Precision Hydrogen Trace generator; includes valve (02-6051) ×2 and double cylinder assembly (05-1047) ×2; Art. 08-3609";;Kit;1;Peak Scientific, UK;https://www.peakscientific.com/products/hydrogen/precision-hydrogen-trace-250/?utm_source=chatgpt.com;Annual maintenance;
56;Precision Hydrogen Trace için Peak servis kiti, 1 yıl;Peak service kit, Precision Hydrogen Trace, 1 year;art № 08-9412   Комплект для ежегодного ремонта Precision Hydrogen Trace (08-9412)  В комплект входит: Клапан (арт. №02-6051)- 2 шт., Двойной цилиндр в сборе (арт. №05-1047)-2 шт.;Peak Scientific, UK;Genel Sarf;Hydrogen generator service kit;2 набор/ kit;"Annual service kit for Precision Hydrogen Trace generator; includes valves and cylinder assembly; Art. 08-9412";;Kit;1;Peak Scientific, UK;https://www.peakscientific.com/products/hydrogen/precision-hydrogen-trace-250/?utm_source=chatgpt.com;"Annual maintenance; Art. 08-9412";
57;Standart numune, kan alkolü ve florür kantifikasyonu, 10 ml;Standard sample, Blood alcohol and fluoride quantification, 10 ml;;LGC Limited, USA;Biyokimya;Blood alcohol standard;2 упак/ pack;;;Bottle;10 mL;LGC Standards / Cerilliant;;;
58;Kalibrasyon çözeltisi Cerilliant, etanol kalibrasyon kiti, 10 × 1,2 ml;Calibration solution Cerilliant, Ethanol calibration kit, 10 x 1.2 ml;CERE-034;LGC Limited, USA;Biyokimya;Ethanol calibration kit;4 упак/ pack;"Cerilliant ethanol calibration kit; 10×1.2 mL ampules; for GC headspace blood alcohol analysis; CERE-034";"Storage Temperature +4°C

Shipping Temperature No freezing

Tariff Code 38220000

Product Format Single Solution

Matrix Water
";Kit;10×1.2 mL;LGC Standards / Cerilliant;https://www.lgcstandards.com/DE/en/Ethanol-calibration-kit/p/CERE-034;Store at +4°C;
59;Cerilliant etanol kalibrasyon kiti, 10 × 1,2 ml;Cerilliant Ethanol calibration kit, 10 x 1.2 ml;E-034-1KIT,  CAS Number 64-17-5;LGC Limited, USA;Biyokimya;Ethanol calibration kit;4 упак/ pack;"Cerilliant ethanol calibration kit; 10×1.2 mL; CAS 64-17-5; E-034-1KIT";"Storage Temperature +4°C

Shipping Temperature No freezing

Tariff Code 38220000

Product Format Single Solution

Matrix Water
";Kit;10×1.2 mL;LGC Standards / Cerilliant;https://www.cerilliant.com/products/catalog/items/details?itemNo=c6505bee-b8bb-4198-a08e-eb5d9479a800&item=E-034;1.2 mL/ampoule, 2 ampoules of each concentration, 10 ampoules/kit;
60;Vidalı kapaklı idrar kapları, 100 ml, 500 adet/paket;Urine containers with screw cap, 100 ml, 500 pcs/pack;Order number 75.1354.001;Kabe Labortechnik, Германия / Germany;Genel Sarf;Sample collection container;10 упак/ pack;"Polypropylene urine sample container with screw cap; 100 mL; 500 pcs/pack; sterile";"Container with screw cap, collection and storage of urine,
max. working volume: 100 ml, Ø opening: 58 mm,
transparent, graduated, material: PP, screw cap,";Pack;500;Kabe Labortechnik, Germany;https://www.trendyol.com/genel-markalar/idrar-numune-kabi-kirmizi-250-adet-100-ml-p-88729811;"Single use; sterile";
61;VACUSERA vakum tüpleri, NaF+K3 EDTA, 4 ml, 1200 adet;VACUSERA vacuum tubes, NaF+K3 Edta, 4 ml, 1200 pcs;234704;Disera,  / Turkey;Genel Sarf;Vacuum blood collection tube;6 упак/ pack;;"Пробирки VACUSERA Na фторид + К3 ЭДТА — одноразовые вакуумные пробирки для
забора крови.
Наполнитель: фторид натрия + К3 ЭДТА.
Применение: можно использовать в течение 48 часов для анализа глюкозы. 
Перемешивание: 8–10 мин.
Центрифугирование: 1300 g, 10 мин.
Срок годности: 18 месяцев.
В упаковке: 100 / 1200 шт. ";;;Disera, Turkey;;;
62;Agilent LC servis kiti, 1 yıl (Jet Clean dahil);Agilent LC service kit, 1 year (with jet clean);G2571-67001  G1964-20402;Agilent;Genel Sarf;HPLC maintenance kit;2 набор/ kit;"Agilent LC annual service kit with Jet Clean; includes seals, pistons and wash kit; G2571-67001 / G1964-20402";"Canted coil spring, 8.9 mm OD. Classified as a consumable part for Liquid
Chromatograph-Mass Spectrometer and related instrument repair and
maintenance. Intended as a replacement spring component for instrument
assemblies requiring a canted coil spring of 8.9 mm outer diameter.
Key Features:
Part number: G2571-67001
Product type: Canted coil spring
Outer Diameter (OD): 8.9 mm
UNSPSC Code: 41115717";Kit;1;Agilent Technologies;https://www.agilent.com/store/productDetail.jsp?catalogId=G2571-67001;Annual preventive maintenance;
63;Agilent LC için servis kiti, 1 yıl (Jet Clean dahil);Service kit for Agilent LC, 1-year (incl. Jet Clean);G2571-67001 Canted Coil Spring, 8.9mm OD | ChromTech    .;Agilent;Genel Sarf;HPLC maintenance kit;2 набор/ kit;"Agilent LC annual service kit with Jet Clean; G2571-67001";"QuickPick PM kit, for split inlet and vent. The kit is a manufacturer-specified
preventive-maintenance (PM) kit for Agilent split inlets and split vent assemblies and
lists the included replacement components. It is provided to support routine inlet
and split-vent maintenance by supplying the parts called out by Agilent on the
product page.
Key Features:
Includes one split liner (part 5183-4647)
Includes five Non-Stick BTO septa (from part 5183-4757)
Includes one Non-Stick inlet liner O-ring (from part 5188-5365)
Includes one Gold Seal and washer kit (part 5188-5367)
Includes one split vent cartridge
Includes two O-rings for the split vent (part 5188-6495)";Kit;1;Agilent Technologies;https://www.agilent.com/store/productDetail.jsp?catalogId=G2571-67001;Annual preventive maintenance;
64;Agilent GC cihazı için servis kiti, 1 yıl;Service kit for Agilent GC instrument, 1-year;Part Number: 5188-6496;Agilent;Genel Sarf;GC maintenance kit;2 набор/ kit;"Agilent GC 7890 annual service kit; Part 5188-6496; includes septa, liners, ferrules and O-rings";"QuickPick PM kit, for split inlet and vent. The kit is a manufacturer-specified
preventive-maintenance (PM) kit for Agilent split inlets and split vent assemblies and
lists the included replacement components. It is provided to support routine inlet
and split-vent maintenance by supplying the parts called out by Agilent on the
product page.
Key Features:
Includes one split liner (part 5183-4647)
Includes five Non-Stick BTO septa (from part 5183-4757)
Includes one Non-Stick inlet liner O-ring (from part 5188-5365)
Includes one Gold Seal and washer kit (part 5188-5367)
Includes one split vent cartridge
Includes two O-rings for the split vent (part 5188-6495)";Kit;1;Agilent Technologies;https://www.agilent.com/store/en_US/Prod-5188-6496/5188-6496;Annual preventive maintenance;
65;GC 7890 için filament montajı (G7005-60061);Filament Assembly for GC 7890 (G7005-60061);Part № G7005-60061;Agilent;Genel Sarf;GC spare part - filament;4 упак/ pack;"Filament assembly for Agilent GC 7890 detector; Part G7005-60061";"The Agilent high temperature EI filament (G7005-60061) is a replacement electron
ionization (EI) filament for Agilent GC/MS systems. Filaments provide a stream of
electrons that ionize compounds as they enter the EI source, and this hightemperature filament is supplied for use in EI sources (including Stainless, Inert, and
Extractor source types). The product page and Agilent knowledge articles identify it
as the single high-temperature EI filament that replaced earlier EI filament part
numbers to serve the required EI and EI RIS dimensional requirements.
Key Features:
Instrument compatibility: 5973, 5975, 5977, 7000A, 7000B, 7000C, 7200
Product type / sub-model: High temperature EI filament
Filament functional element: four-coil rhenium wire (functional component
unchanged)
Base material: alumina base (newer design)
Design features: chamfered tips on posts to ease insertion";Pack;1;Agilent Technologies;https://www.agilent.com/store/en_US/Prod-G7005-60061/G7005-60061;"Fragile; handle with care";
66;Agilent için polimer ayaklı vial insertleri, 100 adet;Vial inserts with polymer feet for Agilent, 100 pcs;5181-1270;Agilent;Genel Sarf;GC vial insert;10 упак/ pack;"Deactivated vial inserts with polymer feet for Agilent LC/GC autosampler; 100 pcs; Art. 5181-1270";"Agilent 250 µL conical vial inserts with polymer feet are glass inserts sized 5.6 x 30
mm designed for use in wide-opening vials. They provide a 250 µL sample
containment volume and are intended to concentrate and present small sample
volumes for GC and LC analysis, improving recovery and handling of low-volume
samples. Agilent lists compatibility with major vial manufacturers and specifies GC
and LC techniques for use.
Key Features:
이
이
Volume: 250 µL.
Material: Glass insert with polymer feet.
Insert dimensions: 5.6 x 30 mm.
Pack quantity: 100 inserts per pack.
Insert type: Conical with polymer feet, for wide-opening vials.
Technique compatibility: Listed for GC and LC use.";Pack;100;Agilent Technologies;https://www.agilent.com/store/en_US/Prod-5181-1270/5181-1270;;
67;Agilent 7890 AP kartı (analog ve güç devresi) (yenilenmiş);Agilent 7890 AP Board (Analog & power printed circuit) (G3430-61850/G3430-60151/G3430-60150) (Refurbished);G3430-60151;Agilent;Genel Sarf;GC spare part - circuit board;2 упак/ pack;"Agilent 7890 Analog & Power Printed Circuit Board (AP Board); G3430-60151; refurbished";"Obsolete. No replacement recommendation. FP Analog And Power PCA
";Pack;1;Agilent Technologies;https://www.agilent.com/store/productDetail.jsp?catalogId=G3430-60151;Obsolete. No replacement recommendation. FP Analog And Power PCA;
68;Agilent GC 7890 sistemi için ana kart;Mainboard for Agilent GC 7890 system;OEM Reference Number: G1099-65010;Agilent;Genel Sarf;GC spare part - mainboard;1 упак/ pack;"Mainboard for Agilent GC 7890 system; OEM Ref G1099-65010";"Mainboard PCA, for gas chromatography/mass spectrometry printed circuit boards, used with series 5973
";Pack;1;Agilent Technologies;https://www.agilent.com/store/productDetail.jsp?catalogId=G1099-65010;ESD sensitive;
69;1290 Infinity II otomatik örnekleyici için servis kiti;Service kit for 1290 Infinity II autosampler;G7161-68740;Agilent;Genel Sarf;HPLC autosampler service kit;2 упак/ pack;"Service kit for Agilent 1290 Infinity II autosampler; G7161-68740; includes needle, seals, rotor";"Preventive Maintenance Kit for
1290 Infinity II Preparative Binary Pump
(G7161B), with 200 mL/min Pump Heads";Kit;1;Agilent Technologies;https://www.agilent.com/store/productDetail.jsp?catalogId=G7161-68740;Annual maintenance;
70;1260 Infinity II otomatik örnekleyici için servis kiti;Service kit for 1260 Infinity II autosampler;G1329B;Agilent;Genel Sarf;HPLC autosampler service kit;2 упак/ pack;"Service kit for Agilent 1260 Infinity II autosampler; G1329B; includes needle seat and seals";"This kit contains all the parts necessary to keep
Agilent® 1100, 1120, 1200, 1220, 1260, G1313A, and G1329A/B HPLC systems working at peak performance. It is comparable to Agilent® part number G1313-68719.

 Seal, Pump (CTS-10621)
1 Needle Assembly (CTS-10835)
1 2 Position/6 Port Rotor Seal,
Vespel® (600 bar) (CTS-12012)
1 Needle Seat, Std., PEE";Kit;1;Agilent Technologies;https://www.agilent.com/store/productDetail.jsp?catalogId=G1329-60008;Annual maintenance;
71;1290 Infinity II pompa için servis kiti;Service kit for 1290 Infinity II pump;G1310-68741;Agilent;Genel Sarf;HPLC pump service kit;2 упак/ pack;"Service kit for Agilent 1290 Infinity II pump; G1310-68741; includes pistons, seals, check valves";"This PM kit contains all the parts necessary to keep Agilent® 1220 and 1260 HPLC systems working at peak performance. It is comparable to Agilent® part number G1310-68741.

1 Black Piston Seals, 2/pk
(CTS-10417)
1 Seal Cap Assembly
(CTS-A11454)
1 PTFE Frits, 5/pk (CTS-10683)";Kit;1;Agilent Technologies;https://www.agilent.com/store/en_US/Prod-G1310-68741/G1310-68741;Annual maintenance;
72;1290 Infinity II otomatik örnekleyici için PM kiti;PM kit for 1290 Infinity II autosampler;G1313-68719;Agilent;Genel Sarf;HPLC autosampler PM kit;2 упак/ pack;"Preventive maintenance kit for Agilent 1290 Infinity II autosampler; G1313-68719";"This kit contains all the parts necessary to keep
Agilent® 1100, 1120, 1200, 1220, 1260, G1313A, and G1329A/B HPLC systems working at peak performance. It is comparable to Agilent® part number G1313-68719.

1 Seal, Pump (CTS-10621)
1 Needle Assembly (CTS-10835)
1 2 Position/6 Port Rotor Seal,
Vespel® (600 bar) (CTS-12012)
1 Needle Seat, Std., PE";Kit;1;Agilent Technologies;https://www.agilent.com/store/en_US/Prod-G1313-68719/G1313-68719;Annual maintenance;
73;Cary 60 için sertifikalı nötr yoğunluk cam filtreler;Certified neutral density glass filters for Cary 60;Артикул: 218006500;Agilent;Genel Sarf;UV-Vis spectrophotometer filter;1 упак/ pack;"Certified neutral density glass filters for Agilent Cary 60 UV-Vis spectrophotometer; Art. 218006500";Neutral density screen, tested, 1/pk;Pack;1;Agilent Technologies;https://www.agilent.com/store/productDetail.jsp?catalogId=218006500;;
74;GC Headspace için deaktivasyonlu FS kolon, 0,53 mm;Deactivated FS column for GC Headspace, 0.53mm;Part Number:160-2535-5;Agilent;Genel Sarf;GC column;4 упак/ pack;"Deactivated fused silica (FS) transfer line/column for GC headspace; 0.53 mm ID; Part 160-2535-5";"Fused silica tubing, deactivated, 5 m, 0.53 mm, 0.67 mm od

Length: 5 m
Capillary Tubing: Fused Silica
Inner Diameter (ID): 0.53 mm
Product_Sub_Model: 0.53 mm x 5 m
Outer Diameter (OD): 0.67 mm";Pack;1;Agilent Technologies;https://www.agilent.com/store/en_US/Prod-160-2535-5/160-2535-5;;
75;Agilent Headspace örnekleyici için ferrüller, 0,53 mm;Ferrules for Agilent Headspace sampler, 0.53 mm;0100-2595;Agilent;Genel Sarf;GC ferrule;10 упак/ pack;"Graphite/vespel ferrules for Agilent headspace sampler; 0.53 mm; 5/pack; Art. 0100-2595";"Ferrule, polyamide, graphite 1/32 inch, 5/pk
Material(s)ofConstruction: Graphite";Pack;5;Agilent Technologies;https://www.agilent.com/store/en_US/Prod-0100-2595/0100-2595;;
76;Headspace örnekleyici için ferrüller, 0,53 mm;Ferrules for Headspace sampler, 0.53 mm;Part № 8002-0217;ELGA VEOLIA;Genel Sarf;GC ferrule;10 pack;"Ferrules for GC headspace sampler; 0.53 mm; Art. 8002-0217; 10 pcs/pack";"Agilent ferrule for Thermo, 0.8 mm, graphite, 0.53 mm id or smaller columns, 10/pk

Technique: GC
GC Component Type: Ferrule
Inner Diameter (ID): 0.8 mm
Compatible Column ID: 0.53 mm
Ferrule Material: Graphite
Ferrule Type: Straight
Maximum Temperature: 350 C";Pack;10;ELGA LabWater (Veolia);https://www.scientificlabs.co.uk/product/chromatography-accessories/8002-0217;;
77;Elga deiyonizatör için kartuş (LC-140);Cartridge (LC-140) for Elga Deionizer;TR-LC140 Preteatment purelab    Medica &Option7/15;ELGA VEOLIA;Su Arıtma;Water purifier pre-treatment cartridge;3 pack;"LC-140 pre-treatment cartridge for ELGA Medica/Option-R deionizer; removes chlorine and organics; lifespan ~6 months";"Item Consumable Microns 5 µm
Feed Water Source Tap Water Product Type Pre-Treatment Cartridge
Impurities Removed Chlorine, Particles Removes Chlorine, Particles, Organic Compounds
Material Activated Carbon Service Life 6 Months";Cartridge;1;ELGA LabWater (Veolia);https://www.elgalabwater.com/sites/default/files/Consumables%20Datasheets/Option%20R.pdf;Replace every 6 months;
78;Purelab deiyonizatör için kartuş (LC-214);Cartridge (LC-214) for Purelab Deionizer;LC-214 ELGA 2-06620;ELGA VEOLIA;Su Arıtma;Water purifier DI cartridge;3 pack;"LC-214 mixed-bed DI purification cartridge for PURELAB flex/Deionizer; lifespan ~6 months";"Item Consumable
Feed Water Source Tap Water
Impurities Removed lons

Material Mixed Bed Resin
Product Type Di Cartridge";Cartridge;1;ELGA LabWater (Veolia);https://www.elgalabwater.com/sites/default/files/Consumables%20Datasheets/Flex_3.pdf;Replace every 6 months;
79;Purelab için UV lamba 185/254 nm (LC-210-02);UV lamp 185/254nm (LC-210-02) for Purelab;UV lamp 185/254nm LC-210-02;ELGA VEOLIA;Su Arıtma;UV lamp for water purifier;3 pack;"UV lamp 185/254 nm (LC-210-02) for PURELAB system; destroys organics and microorganisms; lifespan 12–18 months";"Item	UV Lamp";Lamp;1;ELGA LabWater (Veolia);https://www.elgalabwater.com/sites/default/files/Consumables%20Datasheets/Flex_4.pdf;Replace every 12–18 months;
80;Purelab için kompozit hava filtresi (LC 136 M2);Composite air filter (LC 136 M2) for Purelab;LC 136 M2  REF: INST36651;ELGA VEOLIA;Su Arıtma;Composite air vent filter;3 pack;"LC 136 M2 composite vent filter for PURELAB system; prevents recontamination; REF INST36651; lifespan 12 months";"Item Consumable
Compatible Mfr. Model No. Air
Microns
Product Details
0.2 um
Product Type Consumable
Removes Disolved Gases";Filter;1;ELGA LabWater (Veolia);https://www.elgalabwater.com/medica-7-15;Replace every 12 months;
81;Purelab için DI kartuş paketi (LC-141);DI Cartridge pack (LC-141) for Purelab;TR-LC141 PURELAB & Medica DI Pack;ELGA VEOLIA;Su Arıtma;Water purifier DI cartridge pack;3 упак/ pack;"LC-141 DI cartridge pack for PURELAB Medica/Option systems; twin-bed ion exchange; lifespan ~6 months";"Item Consumable
Feed Water Source Tap Water
Impurities Removed lons
Material Mixed Bed Resin
Product Type Di Cartridge";Cartridge;1;ELGA LabWater (Veolia);https://www.elgalabwater.com/sites/default/files/Consumables%20Datasheets/Option%20R.pdf;Replace every 6 months;
82;Nerbe Plus santrifüj tüpleri, 15 ml, 500 adet;;SKU 02-502-8001;Nerbe Plus, Germany;Genel Sarf;Centrifuge tube;10 упак/ pack;;"Centrifuge tube PP with screw cap PE, 15ml, Ø17x120mm, con. bottom, tube transp., cap
green, grad., writ. area, np pcr ready, sterile , max. RCF 17.000g, Autocl. up to 121°C (no
cap), CE/IVD

Material Characteristics tube: polypropylene (PP)
cap: polyethylene (PE)

Dimensions diameter: 17,00 mm (+/- 0,2 mm)
height: 120,00 mm (+/- 0,2 mm)";Pack;500;Nerbe Plus, Germany;;;
83;İmmünokromatografik test şeritleri (COC, mAMP, BZO);Immunochromatographic test strips (COC, mAMP, BZO);Артикул: 00065752;T&D Innovationen GmbH;Biyokimya;Immunochromatographic drug test strips;100 упак/ pack;;;Pack;100 tests;T&D Innovationen GmbH;;;
84;İmmünokromatografik test şeritleri (BAR, MDMA, MTD);Immunochromatographic test strips (BAR, MDMA, MTD);Артикул: 96694;T&D Innovationen GmbH;Biyokimya;Immunochromatographic drug test strips;10 упак/ pack;;;Pack;10 tests;T&D Innovationen GmbH;;;
85;İmmünokromatografik test şeritleri (sentetik kannabinoidler);Immunochromatographic test strips (Synthetic cannabinoids);Артикул: 100299;T&D Innovationen GmbH;Biyokimya;Immunochromatographic drug test strips;10 упак/ pack;;;Pack;10 tests;T&D Innovationen GmbH;;;
86;İmmünokromatografik test şeritleri (etanol / ETG);Immunochromatographic test strips (Ethanol / ETG);;T&D Innovationen GmbH;Biyokimya;Immunochromatographic drug test strips;10 упак/ pack;;;Pack;10 tests;T&D Innovationen GmbH;;;
87;R1-IK-200609-19 raporu için termal kağıt rulosu (57 mm × 10 m, iç çap 12 mm);Roll thermal paper for R1-IK-200609-19 report (57 mm х 10m, вт.12мм.);;T&D Innovationen GmbH;Genel Sarf;Thermal paper roll;20 упак/ pack;"Thermal paper roll 57 mm × 10 m; core 12 mm; for R1-IK-200609-19 analyzer printer; 20 rolls/pack";;Roll;20 rolls;T&D Innovationen GmbH;https://www.rulomerkezi.com/56x12-metre-yazar-kasa-pos-rolosu-10lu-paket-kagit-3060-fiyati-30-60;;
88;İmmünokromatografik test şeritleri (COC, mAMP, BZO);Immunochromatographic test strips (COC, mAMP, BZO);;T&D Innovationen GmbH;Biyokimya;Immunochromatographic drug test strips;100 упак/ pack;;;Pack;100 tests;T&D Innovationen GmbH;;;
89;İmmünokromatografik test şeritleri (BAR, MDMA, MTD);Immunochromatographic test strips (BAR, MDMA, MTD);;T&D Innovationen GmbH;Biyokimya;Immunochromatographic drug test strips;20 упак/ pack;;;Pack;20 tests;T&D Innovationen GmbH;;;
90;Optik filtre D-K-18752-01-00;Optical Filter D-K-18752-01-00;D-K-18752-01-00;Hellma Analytics;Genel Sarf;Optical filter;1 упак. / pack;"Certified neutral density optical filter; 0.5 Abs; for Hellma cuvette systems and spectrophotometer calibration";;Pack;1;Hellma Analytics;https://shop.hellmausa.com/products/666-f3-0-5-abs;;
91;Parafin Plus 1Kg;Paraffin Plus;X881;Leica Biosystems;Biyokimya;;50 упак. / pack;;"Paraffin in droplets
Density (D) 0,8 g/cm³
Melting point (mp) 56 °C

Paraffin in pellets
Tissue embedding medium composed of highly purified paraffin containing complex elastomers with regulated molecular weights and an addition of DMSO for large and difficult-to-infiltrate tissue samples.

Melting point: 56 °C

Paraplast® is recommended for general tissue embedding. It is composed of a refined mixture of highly purified paraffin containing plastic polymers of regulated molecular weights. This provides improved tissue infiltration and superior quality sections with minimal compression.";Pack;1 kg;Carl Roth, Germany;https://www.carlroth.com/com/en/paraplast-paraffins/paraplast-plus/p/x881.1;;
92;Formalin ≥37% (non-acidic, for histology);Formalin ≥37% (non-acidic, for histology;P733;Carl Roth, Germany;Biyokimya;;200 упак. / pack;;"Empirical formula CH2O
Molar mass (M) 30,03 g/mol
Density (D) 1,09 g/cm³
Boiling point (bp) 96 °C
Flash point (flp) 62 °C
Melting point (mp) <-15 °C
Storage temp. +15 to +25 °C
ADR 8 III
WGK 3
CAS No. 50-00-0
EG-Nr. 200-001-8
UN-Nr. 2209

If required, filter out solids before use.
Fixative

Stabilised with calcium carbonate (acid-binding solids) and methanol (8-12 %). Do not store solution below 15 °C.";Bottle;30 liter;Carl Roth, Germany;https://www.carlroth.com/com/en/fixation/formaldehyde-solution/p/p733.3;;
93;ABBOTT IMMTOX 270 Kimya Analizörü (510K onaylı), tüm gerekli reaktifler, kitler, kalibratörler ve kontroller dahil komple sistem;ABBOTT IMMTOX 270 Chemistry Analyser (510K cleared) to be provided as a complete system, including all original Abbott brand reagents, kit sets, calibrators, and controls required to perform the following tests: 6-AM (347UR), AMP (309UR), BAR (310UR), BZO (314UR), COC (306UR), BUP (336UR), THC (305UR), EDDP (349UR), ETH (504), EtG (341UR), FEN (618UR), KET (340UR), MEP (303), MAMP (311UR), OPI (307UR), SYN-JWH (344), SYN-UR144 (346), SYN-ABP (350), TRA (304UR), Specimen Validity Tests (SUP-5 );6-AM (347UR), AMP (309UR), BAR (310UR), BZO (314UR), COC (306UR), BUP (336UR), THC (305UR), EDDP (349UR), ETH (504), EtG (341UR), FEN (618UR), KET (340UR), MEP (303), MAMP (311UR), OPI (307UR), SYN-JWH (344), SYN-UR144 (346), SYN-ABP (350), TRA (304UR), Specimen Validity Tests (SUP-5 );Abbott;Biyokimya;Clinical chemistry analyzer system;1 набор/ set;"Abbott IMMTOX 270 Chemistry Analyzer with reagents for 20 drug/metabolite panels including ETH, EtG, OPI, COC, THC, BZO, AMP, BAR etc.; 510K cleared";"ImmTox™ 270, doktor muayenehaneleri, tedavi merkezleri, bağımlılık klinikleri, bağımsız ve hastane laboratuvarları için basitleştirilmiş test siparişi, hasta yönetimi, sonuç raporlama ve kalite kontrol kayıtları sağlamak amacıyla bir laboratuvar bilgi sistemiyle çift yönlü iletişim için arayüz oluşturmaya açıktır.
Ayda 150-1200 hasta örneği için ideal boyutta.
Saatte 270'e kadar test yapabilme ve 3 saat boyunca otomatik olarak çalışmaya devam edebilme özelliği.
Reaktif Kapasitesi: 24 adede kadar farklı test için dahili depolama alanı, genişletilmiş bir toksikoloji taramasına olanak tanır.
Numune Kapasitesi: Yeterli toplu işlem kapasitesi sağlayacak şekilde, aynı anda 30 hasta numunesini taşıyabilir .
Destek: Kurulum ve devreye alma süreçlerinden CLIA sertifikasyonuna kadar, sorunsuz CLIA dosyalama, laboratuvar uyumluluk kılavuzlarının uygulanması, doğrulama protokolü ve devreye alma sonrasında destek sağlamak üzere Uygulama ve Teknik Danışman desteği sunuyoruz.";Kit;1 set;Abbott;https://www.toxicology.abbott/us/en/products/immtox--270-benchtop-analyzer.html;Consult Abbott service for installation and maintenance;
94;1 adet SoToxa Mobil Test Sistemi, 250 adet test kiti, 25 adet Quantisal oral sıvı toplama cihazı;1pcs -SoToxa Mobile Test System , 250pcs -Test Kits, 25pcs -Quantisal Oral Fluid Collection Device (QSI-NINT);;Abbott;;;1 набор/ set;;"SAĞLAM TASARIM
SoToxa™ Ağız Sıvısı Mobil Test Sistemi, kolluk kuvvetlerinin yüksek performans taleplerini karşılamak üzere geliştirilmiştir.

GÜVENİLİR SONUÇLAR
SoToxa™ Ağız Sıvısı Mobil Test Sistemi, hızlı ilaç taraması ve doğru sonuç yorumlamasını bir araya getirir. Sistem analiz çıktılarının yerinde verilmesiyle, sistem öznelliği ve test sonuçlarının yanlış yorumlanmasını ortadan kaldırarak daha yüksek güvenilirlik sağlar.

KULLANIMI KOLAY
Sezgisel bir test süreciyle SoToxa™ Ağız Sıvısı Mobil Test Sistemi, her ortamda inanılmaz derecede kolay kullanım sunar. Sistem hafif, taşınabilir ve kompakttır; tam renkli ekranı sayesinde gece gündüz okunabilir.

BASİT TOPLAMA SÜRECİ
Hızlı ağız içi sıvı örnekleri, saha çalışması sırasında kolayca alınabilir ve idrar veya kan örneklemesine göre daha az invazivdir. Gözlem altında gerçekleştirilen toplama işlemi, tağşiş ve manipülasyon endişelerini sınırlandırır.

SONUÇLARI YÖNETİN
Analiz cihazı, testin sonunda yazdırılabilen veya hafıza kartından yeniden yazdırılabilen 10.000'den fazla sonucu saklayabilir.

İlaç Sınıfı

Kesme değeri (ng/mL)

Amfetamin

50

Benzodiazepinler

20

Esrar (THC)

25

Kokain

30

Fentanil

4

Metamfetamin

50

Afyon türevleri

40
";;;;https://www.toxicology.abbott/us/en/products/sotoxa-mobile-test-system.html;;
95;BIOSENS 900 iz tespit analizörü (tüm sarf malzemeleri dahil);BIOSENS 900 Treace Detecting Analyzer (with all consumables);;Biosensor;Biyokimya;Oral fluid drug testing system;1 набор/ set;;"Description: Equipment for trace detection of narcotics and explosives.
Model: BIOSENS®900
Detection technology: Immunoassay reaction on S.A.W-sensor
Start-up time: 10 minutes from cold start at room temperature
Analysis time: 30–60 seconds
Result presentation: Real time graphs, including presentation of detected substances
Printer: Built in thermal printer
Dimensions: 280 x 306 x 289 mm
Weight: 11,5 kg
Portability: Built in handgrip
Display: 10.1” Color TFT with touch screen
Alarm: Audible & visual
Languages: Localized to any language
Data transmission: Ethernet, export of results and service reports. 1 USB port
Detection modes: Trace
Comments to runs: Free text via on screen keyboard or external keyboard and barcode
Data storage: M2 SSD, 120 GB
Consumable status: Time & run indicator
Consumable replacement: Barcode identified
Operating: 10 to 40 °C Storage: ±0 to 60 °C
Humidity: 95%, non-condensing
SUBSTANCES DETECTED*
Substance groups: Amphetamines, Meth-amphetamine, MDA, MDMA, Ephedrine, Cocaine,
Ecstasy, Opiates, THC, Buprenorphine, PCP, Fentanyl, Ketamine, TNT, DNT,
Tetryl, RDX, PETN and NG.
*Can be combined for up to 12 substance groups
CONSUMABLES
Sensor Cartridge: 30–60 days operational time depending on configuration
Activator cartridge: 50 runs (in standard configuration)
Collection pad: Re-usable
Cleaning: Cleaning cartridge, heater cleaner, alcohol wipes
Maintenance: Annual maintenance kit
POWER REQUIREMENTS
Power supply: Input: 100–240 V 50–60 Hz Output 24 V DC 7.5 A
Battery: 33 Wh, up to 40 minutes operational, 2 h standby mode
Power consumption: Average 40 W";Kit;1 set;Abbott;;;
TOPLAM KAYIT;;;;;;;;;;;;;;;
